{
  "project_info": {
    "project_number": "607945652670",
    "project_id": "seeka-62a56",
    "storage_bucket": "seeka-62a56.appspot.com"
  },
  "client": [
    {
      "client_info": {
        "mobilesdk_app_id": "1:607945652670:android:72e3de90ff709eb4b921ef",
        "android_client_info": {
          "package_name": "com.example.summative"
        }
      },
      "oauth_client": [
        {
          "client_id": "607945652670-rrebn8nutjeqg4189n6pej0qq9jdjse5.apps.googleusercontent.com",
          "client_type": 3
        }
      ],
      "api_key": [
        {
          "current_key": "AIzaSyDighzXFaV7_fk7yuzZQbP3oGKUDTDQgpQ"
        }
      ],
      "services": {
        "appinvite_service": {
          "other_platform_oauth_client": [
            {
              "client_id": "607945652670-rrebn8nutjeqg4189n6pej0qq9jdjse5.apps.googleusercontent.com",
              "client_type": 3
            }
          ]
        }
      }
    }
  ],
  "configuration_version": "1"
}